{"cameraMode":{"drawMode":0,"name":"Shaded","section":"Shading Mode"},"sceneLighting":false,"audioPlay":false,"sceneViewState":{"showFog":true,"showMaterialUpdate":false,"showSkybox":true,"showFlares":true,"showImageEffects":true,"showParticleSystems":true},"in2DMode":false,"pivot":{"x":4.046666622161865,"y":6.056408882141113,"z":-2.7871880531311037},"rotation":{"x":-0.09809514880180359,"y":0.9007821679115295,"z":-0.27451464533805849,"w":-0.32188594341278078},"size":10.0,"orthographic":false}